timestamp,query_id
2025-11-24 10:00:00,Q1
2025-11-24 10:05:00,Q2
2025-11-24 10:10:00,Q3
2025-11-24 15:00:00,Q1
2025-11-24 15:05:00,Q4
2025-11-24 15:10:00,Q3
2025-11-25 10:00:00,Q1
2025-11-25 10:05:00,Q2
2025-11-25 10:10:00,Q3
2025-11-25 15:00:00,Q1
2025-11-25 15:05:00,Q4
2025-11-25 15:10:00,Q3
2025-11-26 02:00:00,Q5
2025-11-26 10:00:00,Q1
2025-11-26 10:05:00,Q2
2025-11-26 10:10:00,Q3
2025-11-26 15:00:00,Q1
2025-11-26 15:05:00,Q4
2025-11-26 15:10:00,Q3
2025-11-27 10:00:00,Q1
2025-11-27 10:05:00,Q2
2025-11-27 10:10:00,Q3
2025-11-27 15:00:00,Q1
2025-11-27 15:05:00,Q4
2025-11-27 15:10:00,Q3
2025-11-27 23:00:00,Q2
2025-11-28 10:00:00,Q1
2025-11-28 10:05:00,Q2
2025-11-28 10:10:00,Q3
2025-11-28 15:00:00,Q1
2025-11-28 15:05:00,Q4
2025-11-28 15:10:00,Q3
2025-11-29 01:00:00,Q5
2025-11-29 02:00:00,Q2
2025-11-29 10:00:00,Q1
2025-11-29 10:05:00,Q2
2025-11-29 10:10:00,Q3
2025-11-29 15:00:00,Q1
2025-11-29 15:05:00,Q4
2025-11-29 15:10:00,Q3
2025-11-30 02:00:00,Q5
2025-11-30 10:00:00,Q1
2025-11-30 10:05:00,Q2
2025-11-30 10:10:00,Q3
2025-11-30 15:00:00,Q1
2025-11-30 15:05:00,Q4
2025-11-30 15:10:00,Q3
2025-12-01 01:00:00,Q5
